"","Products.Brand.Name","Inventory.Conversion.Inputs.Outputs.Output.Product","Strain.Name","Inventory.Conversions.Batch.Name","package_ID","Products.Vendor.Name","Inventory.Producer.Name","Batch.Harvest.Date_1","Batch.Lab.Results.Lab.Result.URL_1","Manu.Date.Merge_1"
"1","Copperstate","El Chivo #5 7g - Value","El Chivo #5","3522ELCH.33.DT","37649","Kannaboost Technology, Inc. DBA: Sol Flower Tempe University - MED","Forever 46, LLC - 00000057DCHF00477864","12/21/2022",NA,"3/22/2023"
"2","Copperstate","First Class Funk 7g - Value","First Class Funk","3122FCFK.34.DT","37642","Kannaboost Technology, Inc. DBA: Sol Flower Tempe University - MED","Forever 46, LLC - 00000057DCHF00477864","11/18/2022",NA,"3/22/2023"
"3","Copperstate","GMO x OZ Kush 7g - Value","GMO x OZ Kush","2422GMOZ.42","37940","Kannaboost Technology, Inc. DBA: Sol Flower Tempe University - MED","Forever 46, LLC - 00000057DCHF00477864","9/28/2022",NA,"3/23/2023"
"4","Copperstate","Gaschata #5 7g - Value","Gaschata #5","2422GSC5.41.DT","37611","Kannaboost Technology, Inc. DBA: Sol Flower Tempe University - MED","Forever 46, LLC - 00000057DCHF00477864","10/7/2022",NA,"3/21/2023"
"5","Copperstate","Gastro Pop #4 7g - Value","Gastro Pop #4","3122GSP4.34.DT","37669","Kannaboost Technology, Inc. DBA: Sol Flower Tempe University - MED","Forever 46, LLC - 00000057DCHF00477864","11/10/2022",NA,"3/22/2023"
"6","Copperstate","Grape Gas 7g - Value","Grape Gas","3122GPGS.34.DT","37640","Kannaboost Technology, Inc. DBA: Sol Flower Tempe University - MED","Forever 46, LLC - 00000057DCHF00477864","11/11/2022",NA,"3/22/2023"
"7","Copperstate","HFCS 7g - Value","HFCS","3322HFCS.32.DT","37690","Kannaboost Technology, Inc. DBA: Sol Flower Tempe University - MED","Forever 46, LLC - 00000057DCHF00477864","11/30/2022",NA,"3/22/2023"
"8","Copperstate","Melonade #8 7g - Value","Melonade #8","3322MLN8.32.DT","37689","Kannaboost Technology, Inc. DBA: Sol Flower Tempe University - MED","Forever 46, LLC - 00000057DCHF00477864","12/2/2022",NA,"3/22/2023"
"9","DTF - Downtown Flower","A La Oreoz 28g - Mid","A La Oreoz","ALO-221026.0001","32755","Forever 46, LLC - 00000057DCHF00477864","Forever 46, LLC - 00000057DCHF00477864","10/26/2022",NA,"1/24/2023"
"10","DTF - Downtown Flower","Blue Dream X 3.5g - Value","Blue Dream X","272X-221026.0001","30730","Forever 46, LLC - 00000057DCHF00477864","Forever 46, LLC - 00000057DCHF00477864",NA,NA,"12/30/2022"
"11","DTF - Downtown Flower","DTF Premium Preroll .5g - Gary Satan","Gary Satan","325D-230502.0001-W18","43239","Forever 46, LLC - 00000057DCHF00477864","Forever 46, LLC - 00000057DCHF00477864","5/2/2023","https://tinyurl.com/55zhwfjd",NA
"12","DTF - Downtown Flower","DTF Premium Preroll .5g - Strawberry Mo'nana","Strawberry Mo'nana","SMo-230502.0001-W18","43289","Forever 46, LLC - 00000057DCHF00477864","Forever 46, LLC - 00000057DCHF00477864","5/2/2023","https://lims.tagleaf.com/coas/o7oIn6SfR5EcjWRyPf7z0cIS0qeanBvDfrteobAWjl2coCQTkz",NA
"13","DTF - Downtown Flower","DTF Premium Preroll 1g - Cherry Treat","Cherry Treat","ChryTrt-231003.0001-W40","54712","Forever 46, LLC - 00000057DCHF00477864","Forever 46, LLC - 00000057DCHF00477864","10/3/2023","https://lims.tagleaf.com/coas/VRDwhcG5jNL8WqkIlOhsuY8jqq5as3GcvkHUUNiAt9K9gvjNqt",NA
"14","DTF - Downtown Flower","DTF Premium Preroll 1g - Dad's Frangoli","Dad's Frangoli","Dad's Frangoli-221026.0001","33295","Forever 46, LLC - 00000057DCHF00477864","Forever 46, LLC - 00000057DCHF00477864","10/26/2022",NA,"1/26/2023"
"15","DTF - Downtown Flower","DTF Premium Preroll 1g - Fatso","Fatso","224-221026.0001","32481","Forever 46, LLC - 00000057DCHF00477864","Forever 46, LLC - 00000057DCHF00477864","10/26/2022",NA,"1/19/2023"
"16","DTF - Downtown Flower","DTF Premium Preroll 1g - Fatso","Fatso","224-230502.0001-W18","43273","Forever 46, LLC - 00000057DCHF00477864","Forever 46, LLC - 00000057DCHF00477864","5/2/2023","https://lims.tagleaf.com/coas/BL0wdEeim47Vh0hZ3Kk0WUL8Fa0guHtI5UghwuFCZjRmN04zHN",NA
"17","DTF - Downtown Flower","DTF Premium Preroll 1g - Fatso","Fatso","224-230502.0001-W18","44603","Forever 46, LLC - 00000057DCHF00477864","Forever 46, LLC - 00000057DCHF00477864","5/2/2023","https://lims.tagleaf.com/coas/BL0wdEeim47Vh0hZ3Kk0WUL8Fa0guHtI5UghwuFCZjRmN04zHN",NA
"18","DTF - Downtown Flower","DTF Premium Preroll 1g - Fresh Fritter","Fresh Fritter","FrFr-230710.0001-W28","49086","Forever 46, LLC - 00000057DCHF00477864","Forever 46, LLC - 00000057DCHF00477864","7/10/2023","https://lims.tagleaf.com/coas/2u7D34q2StNP4J7UVvTDM6GcNxDllgpPmrxteF7PxxRzKQO6aj",NA
"19","DTF - Downtown Flower","DTF Premium Preroll 1g - Gary Satan","Gary Satan","325D-230502.0001-W18","43231","Forever 46, LLC - 00000057DCHF00477864","Forever 46, LLC - 00000057DCHF00477864","5/2/2023","https://tinyurl.com/55zhwfjd",NA
"20","DTF - Downtown Flower","DTF Premium Preroll 1g - Gelato","Gelato","GLTO-230918.0001-W38","11111","Forever 46, LLC - 00000057DCHF00477864","Forever 46, LLC - 00000057DCHF00477864","9/18/2023","https://tinyurl.com/ms2wnpbw",NA
"21","DTF - Downtown Flower","DTF Premium Preroll 1g - Jokers Candy","Jokers Candy","JRK CNDY-221020.0001","31368","Forever 46, LLC - 00000057DCHF00477864","Forever 46, LLC - 00000057DCHF00477864","10/20/2022",NA,"1/8/2023"
"22","DTF - Downtown Flower","DTF Premium Preroll 1g - Jungle Lava","Jungle Lava","290A-220927.0001","31371","Forever 46, LLC - 00000057DCHF00477864","Forever 46, LLC - 00000057DCHF00477864","9/27/2022",NA,"1/8/2023"
"23","DTF - Downtown Flower","DTF Premium Preroll 1g - Kush Mints","Kush Mints","227-220927.0001","31619","Forever 46, LLC - 00000057DCHF00477864","Forever 46, LLC - 00000057DCHF00477864","9/27/2022",NA,"1/10/2023"
"24","DTF - Downtown Flower","DTF Premium Preroll 1g - Mystery 2","Mystery 2","667-221026.001","34910","Forever 46, LLC - 00000057DCHF00477864","Forever 46, LLC - 00000057DCHF00477864","10/26/2022",NA,"2/20/2023"
"25","DTF - Downtown Flower","DTF Premium Preroll 1g - Orange Wafers","Orange Wafers","308A-221026.0001","31815","Forever 46, LLC - 00000057DCHF00477864","Forever 46, LLC - 00000057DCHF00477864","10/26/2022",NA,"1/12/2023"
"26","DTF - Downtown Flower","DTF Premium Preroll 1g - Runt Popz","Runt Popz","326s-221020.0001","32669","Forever 46, LLC - 00000057DCHF00477864","Forever 46, LLC - 00000057DCHF00477864","10/20/2022",NA,"1/23/2023"
"27","DTF - Downtown Flower","DTF Premium Preroll 1g - Strawberry Mo'nana","Strawberry Mo'nana","SMo-230502.0001-W18","43281","Forever 46, LLC - 00000057DCHF00477864","Forever 46, LLC - 00000057DCHF00477864","5/2/2023","https://lims.tagleaf.com/coas/o7oIn6SfR5EcjWRyPf7z0cIS0qeanBvDfrteobAWjl2coCQTkz",NA
"28","DTF - Downtown Flower","DTF Premium Preroll 1g - Wedding Cake","Wedding Cake","WeCa-230717.0001-W29","4.63731E+11","Forever 46, LLC - 00000057DCHF00477864","Forever 46, LLC - 00000057DCHF00477864","7/17/2023","https://tinyurl.com/mr29daam",NA
"29","DTF - Downtown Flower","DTF Premium Preroll 1g - Wedding Cake","Wedding Cake","WeCa-230717.0001-W29","51577","Forever 46, LLC - 00000057DCHF00477864","Forever 46, LLC - 00000057DCHF00477864","7/17/2023","https://tinyurl.com/mr29daam",NA
"30","DTF - Downtown Flower","Dweebz 3.5g - Mid","Dweebz","Dwz-230502.0001-W18","43050","Forever 46, LLC - 00000057DCHF00477864","Forever 46, LLC - 00000057DCHF00477864","5/2/2023","https://lims.tagleaf.com/coas/03AiKHPFLMrRe8fH21sEHVFdBpjzqB9g46d8RQ29NP6jNYCLBq",NA
"31","DTF - Downtown Flower","Emergency 14g - Mid","Emergency","Eme-220927.0001","33808","Forever 46, LLC - 00000057DCHF00477864","Forever 46, LLC - 00000057DCHF00477864","9/27/2022",NA,"2/2/2023"
"32","DTF - Downtown Flower","Emergency 28g - Mid","Emergency","Eme-220927.0001","33781","Forever 46, LLC - 00000057DCHF00477864","Forever 46, LLC - 00000057DCHF00477864","9/27/2022",NA,"2/2/2023"
"33","DTF - Downtown Flower","Emergency 3.5g - Signature","Emergency","Eme-220927.0001","31738","Forever 46, LLC - 00000057DCHF00477864","Forever 46, LLC - 00000057DCHF00477864","9/27/2022",NA,"1/11/2023"
"34","DTF - Downtown Flower","Fatso 28g - Mid","Fatso","224-220927.0001","33641","Forever 46, LLC - 00000057DCHF00477864","Forever 46, LLC - 00000057DCHF00477864","9/27/2022",NA,"2/1/2023"
"35","DTF - Downtown Flower","Forest Fire 28g - Value","Forest Fire","218-221026.0001","32332","Forever 46, LLC - 00000057DCHF00477864","Forever 46, LLC - 00000057DCHF00477864","10/26/2022",NA,"1/18/2023"
"36","DTF - Downtown Flower","Forest Fire 3.5g - Mid","Forest Fire","FoFi-230710.0001-W28","56757","Forever 46, LLC - 00000057DCHF00477864","Forever 46, LLC - 00000057DCHF00477864","7/10/2023","https://lims.tagleaf.com/coas/WdxAkOUQSgktapYPWKjNR2KV0QnvwHQsCRfx9Vr95I00XQQ8IZ",NA
"37","DTF - Downtown Flower","Forest Fire 3.5g - Value","Forest Fire","218-221026.0001","32363","Forever 46, LLC - 00000057DCHF00477864","Forever 46, LLC - 00000057DCHF00477864","10/26/2022",NA,"1/18/2023"
"38","DTF - Downtown Flower","Ganja Blanca 14g - Value","Ganja Blanca","GB-221020.0001","31023","Forever 46, LLC - 00000057DCHF00477864","Forever 46, LLC - 00000057DCHF00477864",NA,"https://orders.confidentcannabis.com/report/public/pdf/e318821f-78b9-404c-ad42-f8cb355cdcb9","1/4/2023"
"39","DTF - Downtown Flower","Ganja Blanca 7g - Value","Ganja Blanca","GB-221020.0001","31053","Forever 46, LLC - 00000057DCHF00477864","Forever 46, LLC - 00000057DCHF00477864",NA,"https://orders.confidentcannabis.com/report/public/pdf/e318821f-78b9-404c-ad42-f8cb355cdcb9","1/4/2023"
"40","DTF - Downtown Flower","Gaschata 14g - Value","Gaschata","271-221026.0001","30846","Forever 46, LLC - 00000057DCHF00477864","Forever 46, LLC - 00000057DCHF00477864",NA,"https://orders.confidentcannabis.com/report/public/sample/c0b63f57-23fb-4b4c-a967-3c061e569bd8","1/2/2023"
"41","DTF - Downtown Flower","Gastropop  - Bulk Kief","Gastropop","324s-230918.0003-W38K","54640","Forever 46, LLC - 00000057DCHF00477864","Forever 46, LLC - 00000057DCHF00477864","9/18/2023","https://orders.confidentcannabis.com/report/public/pdf/064b8185-05bb-483e-af36-b1552c8b40ce",NA
"42","DTF - Downtown Flower","Gello 3.5g - Signature","Gello","220505-006","32121","Forever 46, LLC - 00000057DCHF00477864","Forever 46, LLC - 00000057DCHF00477864","7/28/2022","https://lims.tagleaf.com/coas/WVdapEzvtoAUe6nXFnEcSuVdv2419eJ2R95FGZcT6TqxwxGEd4",NA
"43","DTF - Downtown Flower","Hula Girl 3.5g - Signature","Hula Girl","220930-003","30841","Forever 46, LLC - 00000057DCHF00477864","Forever 46, LLC - 00000057DCHF00477864","10/17/2022",NA,NA
"44","DTF - Downtown Flower","Jungle Lava 14g - Mid","Jungle Lava","290A-221026.0001","32802","Forever 46, LLC - 00000057DCHF00477864","Forever 46, LLC - 00000057DCHF00477864","10/26/2022",NA,"1/24/2023"
"45","DTF - Downtown Flower","Jungle Lava 28g - Mid","Jungle Lava","290A-221026.0001","32810","Forever 46, LLC - 00000057DCHF00477864","Forever 46, LLC - 00000057DCHF00477864","10/26/2022",NA,"1/24/2023"
"46","DTF - Downtown Flower","Kush Mints 3.5g - Signature","Kush Mints","1957690","31648","Forever 46, LLC - 00000057DCHF00477864","Forever 46, LLC - 00000057DCHF00477864","7/27/2022","https://lims.tagleaf.com/coas/bsxi4eE1yqi2USKNFGLrqUbMd3b19J07xuD6hdEjSvLr23Pj96",NA
"47","DTF - Downtown Flower","Larry Lem OG 28g - Value","Larry Lem OG","Larry Lem OG-221227.0001","35081","Forever 46, LLC - 00000057DCHF00477864","Forever 46, LLC - 00000057DCHF00477864","12/27/2022",NA,"2/21/2023"
"48","DTF - Downtown Flower","Larry Lem OG 3.5g - Mid","Larry Lem OG","Larry Lem OG-221222.0001","34458","Forever 46, LLC - 00000057DCHF00477864","Forever 46, LLC - 00000057DCHF00477864","12/22/2022",NA,"2/15/2023"
"49","DTF - Downtown Flower","Oreoz Mode 14g - Value","Om Cookies","OMO-221026.0001","31864","Forever 46, LLC - 00000057DCHF00477864","Forever 46, LLC - 00000057DCHF00477864","10/26/2022",NA,"1/12/2023"
"50","DTF - Downtown Flower","Sacrilegious 3.5g - Value","Sacrilegious","Sac-221020.0001","30827","Forever 46, LLC - 00000057DCHF00477864","Forever 46, LLC - 00000057DCHF00477864","10/20/2022",NA,"1/1/2023"
"51","DTF - Downtown Flower","Strawberry Mo'nana - Bulk Kief","Strawberry Mo'nana","SMo-230719.K","9.02408E+11","Forever 46, LLC - 00000057DCHF00477864","Forever 46, LLC - 00000057DCHF00477864","5/23/2023",NA,NA
"52","DTF - Downtown Flower","Strawberry Mo'nana - Bulk Kief","Strawberry Mo'nana","SMo-231003.0003-W40-SMok","54256","Forever 46, LLC - 00000057DCHF00477864","Forever 46, LLC - 00000057DCHF00477864","10/3/2023","https://orders.confidentcannabis.com/report/public/pdf/7279426b-6970-4412-b537-ffcba50018be",NA
"53","DTF - Downtown Flower","Strawberry Mo'nana 3.5g - Signature","Strawberry Mo'nana","SMo-230725.0001-W30","53801","Forever 46, LLC - 00000057DCHF00477864","Forever 46, LLC - 00000057DCHF00477864","7/25/2023","https://lims.tagleaf.com/coas/XUjYgKHoaQGWK2ve5C9wbwk9JVU940hhYe4CN91OmmP1C89e8w",NA
"54","DTF - Downtown Flower","nu TGK 3.5g - Value","nu TGK","ntgk-221026.0001","32106","Forever 46, LLC - 00000057DCHF00477864","Forever 46, LLC - 00000057DCHF00477864","10/26/2022",NA,"1/17/2023"
"55","GRÄS Cannabis","Blue Dream 3.5g","Blue Dream","SKL Blue Dream 06.16.23 GH6 Bay 5","39745","Forever 46, LLC - 00000057DCHF00477864","Forever 46, LLC - 00000057DCHF00477864","6/16/2023","https://orders.confidentcannabis.com/report/public/pdf/46ea5753-b0ce-40f3-bd3a-18ca0018d281",NA
"56","GRÄS Cannabis","Chem 91 3.5g","Chem 91","A91-041322","37472","Forever 46, LLC - 00000057DCHF00477864","Forever 46, LLC - 00000057DCHF00477864","9/30/2022",NA,"3/16/2023"
"57","GRÄS Cannabis","OG Kush 3.5g","OG Kush","SKL OG Kush 04.28.23 GH6 Bay 6","52094","Forever 46, LLC - 00000057DCHF00477864","Forever 46, LLC - 00000057DCHF00477864","4/28/2023","https://orders.confidentcannabis.com/report/public/pdf/7eec2e25-2eb7-4a48-be21-e56f3fe36db8",NA
"58","GRÄS Cannabis","Road Dawg 3.5g","Road Dawg","ROD091422-G10","37468","Forever 46, LLC - 00000057DCHF00477864","Forever 46, LLC - 00000057DCHF00477864","2/9/2023",NA,"3/16/2023"
"59","HI KETO","Hi Keto Chocolate Chip Cookies 100mg RSO- Indica","Indica Blend","220727-001-HiK","52571","Forever 46, LLC - 00000057DCHF00477864","Forever 46, LLC - 00000057DCHF00477864",NA,NA,"11/8/2023"
"60","HI KETO","Hi Keto Chocolate Chip Cookies 100mg RSO- Indica","Indica Blend","221227-002-HI","34282","Forever 46, LLC - 00000057DCHF00477864","Forever 46, LLC - 00000057DCHF00477864","12/27/2022","https://orders.confidentcannabis.com/report/public/pdf/cc8218b2-aa6d-4a53-8ca5-caafe7775252",NA
"61","High Scorez","High Scorez Comboz Infused 4pk Prerolls 2.4g - Cherry Treat x Mendo Dosi","Cherry Treat x Mendo Dosi","ChryTrt-231130.01-W48-4pkIPR","56876","Forever 46, LLC - 00000057DCHF00477864","Forever 46, LLC - 00000057DCHF00477864","11/30/2023",NA,"3/18/2024"
"62","High Scorez","High Scorez Comboz Infused 4pk Prerolls 2.4g - Fatso x Guava Cross","Fatso x Guava Cross","224-231214.01-W50-4pkIPR","56879","Forever 46, LLC - 00000057DCHF00477864","Forever 46, LLC - 00000057DCHF00477864","12/14/2023",NA,"3/18/2024"
"63","High Scorez","High Scorez Comboz Infused 4pk Prerolls 2.4g - Fatso x Orange Apricot x Mac","Fatso x Orange Apricot x Mac","224-230725.01-W30-4pkIPR","51866","Forever 46, LLC - 00000057DCHF00477864","Forever 46, LLC - 00000057DCHF00477864",NA,"https://orders.confidentcannabis.com/report/public/pdf/751ab2fc-7868-46eb-b94b-8c7ee56bcd4e","10/26/2023"
"64","High Scorez","High Scorez Comboz Infused 4pk Prerolls 2.4g - Guava Cross x Wedding Cake","Guava Cross x Wedding Cake","GuCr-230523.01-W21-4pkIPR","46703","Forever 46, LLC - 00000057DCHF00477864","Forever 46, LLC - 00000057DCHF00477864",NA,"https://lims.tagleaf.com/coas/WbcbZ2CBHPTwPtJDfZgdU0h2TVL00ZDwIhdDXdhH5BQnNMwqGd",NA
"65","High Scorez","High Scorez Comboz Infused 4pk Prerolls 2.4g - Mellow Squirt x Cherry Treat","Mellow Squirt x Cherry Treat","MSQ-240117.01-W3-4pkIPR","56877","Forever 46, LLC - 00000057DCHF00477864","Forever 46, LLC - 00000057DCHF00477864","1/17/2024",NA,"3/18/2024"
"66","High Scorez","High Scorez Comboz Infused 4pk Prerolls 2.4g - Strawberry Mo'nana x Blue Dream","Strawberry Mo'nana x Blue Dream","SMo-230717.01-W29-4pkIPRSMo-230717.01-W29-4pkIPR","48383","Forever 46, LLC - 00000057DCHF00477864","Forever 46, LLC - 00000057DCHF00477864","7/17/2023",NA,"9/29/2023"
"67","High Scorez","High Scorez Comboz Infused 4pk Prerolls 2.4g - Strawberry Mo'nana x Blue Dream X","Strawberry Mo'nana x Blue Dream X","SMo-231116.01-W46-4pkIPR","56875","Forever 46, LLC - 00000057DCHF00477864","Forever 46, LLC - 00000057DCHF00477864","11/16/2023",NA,"3/18/2024"
"68","High Scorez","High Scorez Sauce Infused Preroll .6g - Strawberry Mo'nana x Mangorita","Strawberry Mo'nana x Mangorita","230614.0016-IPRK","43290","Forever 46, LLC - 00000057DCHF00477864","Forever 46, LLC - 00000057DCHF00477864","5/2/2023",NA,"6/14/2023"
"69","High Scorez","High Scorez Sauce Infused Preroll .6g - Strawberry Mo'nana x Mangorita","Strawberry Mo'nana x Mangorita","230614.0017-IPR","43292","Forever 46, LLC - 00000057DCHF00477864","Forever 46, LLC - 00000057DCHF00477864","5/2/2023",NA,"6/14/2023"
"70","High Scorez","High Scorez Sauce Infused Preroll 0.6g - Fatso x Zack's Rhino","Fatso x Zack's Rhino","230614.0008-IPR","43272","Forever 46, LLC - 00000057DCHF00477864","Forever 46, LLC - 00000057DCHF00477864",NA,NA,"6/14/2023"
"71","High Scorez","High Scorez Sauce Infused Preroll 0.6g - Fatso x Zack's Rhino","Fatso x Zack's Rhino","FxZR-230614.0001-IPRK","43211","Forever 46, LLC - 00000057DCHF00477864","Forever 46, LLC - 00000057DCHF00477864","5/2/2023",NA,"6/14/2023"
"72","High Scorez","High Scorez Sauce Infused Preroll 0.6g - Gary Satan x White Truffle","Gary Satan x White Truffle","230614.0012-IPRK","43276","Forever 46, LLC - 00000057DCHF00477864","Forever 46, LLC - 00000057DCHF00477864","5/2/2023",NA,"6/14/2023"
"73","High Scorez","High Scorez Sauce Infused Preroll 0.6g - Gary Satan x White Truffle","Gary Satan x White Truffle","230614.0013-IPR","43279","Forever 46, LLC - 00000057DCHF00477864","Forever 46, LLC - 00000057DCHF00477864","5/2/2023",NA,"6/14/2023"
"74","High Scorez","High Scorez Sauce Infused Preroll 1.2g -  Strawberry Mo'nana x  Pineapple Express","Strawberry Mo'nana x  Pineapple Express","SMo-230523.03-W21-IPR","46742","Forever 46, LLC - 00000057DCHF00477864","Forever 46, LLC - 00000057DCHF00477864","5/23/2023",NA,"8/31/2023"
"75","High Scorez","High Scorez Sauce Infused Preroll 1.2g - Apple Fritter x Ol Cherry","Apple Fritter x Ol Cherry","230517.0004-IPR","41648","Forever 46, LLC - 00000057DCHF00477864","Forever 46, LLC - 00000057DCHF00477864","3/1/2023",NA,"5/17/2023"
"76","High Scorez","High Scorez Sauce Infused Preroll 1.2g - Cali-O-Socks x Zack's Cake","Cali-O-Socks x Zack's Cake","COSo-230502.01-W18-IPR","44825","Forever 46, LLC - 00000057DCHF00477864","Forever 46, LLC - 00000057DCHF00477864",NA,"https://lims.tagleaf.com/coas/ALr1aaycxKetY1hyU7C7Mx7zcJd26HnUScHCj5bTv6YUnCXef9","7/10/2023"
"77","High Scorez","High Scorez Sauce Infused Preroll 1.2g - Fatso x Do-Si-Dos","Fatso x Do-Si-Dos","230421.0001-IPR","42924","Forever 46, LLC - 00000057DCHF00477864","Forever 46, LLC - 00000057DCHF00477864","1/3/2023","https://lims.tagleaf.com/coas/cW0JkhIdrPonWwNjGfgr3fiRyfkj5mK1XnyJiTxaLQsOB5x0Ji",NA
"78","High Scorez","High Scorez Sauce Infused Preroll 1.2g - Fatso x Zack's Rhino","Fatso x Zack's Rhino","230614.0010-IPRK","43274","Forever 46, LLC - 00000057DCHF00477864","Forever 46, LLC - 00000057DCHF00477864","5/2/2023",NA,"6/14/2023"
"79","High Scorez","High Scorez Sauce Infused Preroll 1.2g - Gastropop x ICS PROMO","Gastropop x ICS","230517.0002-IPR","9.65691E+11","Forever 46, LLC - 00000057DCHF00477864","Forever 46, LLC - 00000057DCHF00477864","3/9/2023","https://tinyurl.com/bd8sdtzs",NA
"80","High Scorez","High Scorez Sauce Infused Preroll 1.2g - Kosher Kush","Kosher Kush","230322.0002-IPR","37586","Forever 46, LLC - 00000057DCHF00477864","Forever 46, LLC - 00000057DCHF00477864",NA,NA,NA
"81","High Scorez","High Scorez Sauce Infused Preroll 1.2g - Strawberry Mo'nana x Mangorita","Strawberry Mo'nana x Mangorita","230614.0015-IPRK","43282","Forever 46, LLC - 00000057DCHF00477864","Forever 46, LLC - 00000057DCHF00477864","5/2/2023",NA,"6/14/2023"
"82","High Scorez","High Scorez Sauce Infused Preroll 1.2g - Zack's Cake","Zack's Cake","221220-001","29756","Forever 46, LLC - 00000057DCHF00477864","Forever 46, LLC - 00000057DCHF00477864","8/25/2022",NA,"1/6/2023"
"83","High Scorez","High Scorez Sauce Infused Preroll 1.4g - Forest Fire x Mendo Dosi","Forest Fire x Mendo Dosi","230526.0004-IPR","42217","Forever 46, LLC - 00000057DCHF00477864","Forever 46, LLC - 00000057DCHF00477864","3/1/2023",NA,"5/26/2023"
"84","High Scorez","High Scorez Sauce Infused Preroll 1.4g - Gaschata x Gello","Gaschata x Gello","230526.0005-IPR","42218","Forever 46, LLC - 00000057DCHF00477864","Forever 46, LLC - 00000057DCHF00477864","2/21/2023",NA,"5/26/2023"
"85","Origin 51 [Fifty One]","Alien Grapevine 14g - Value","Alien Grapevine","221012-018","38074","46 Wellness, LLC (Yield Scientific - Cultivation) - REC","Forever 46, LLC - 00000057DCHF00477864","11/23/2022",NA,"3/27/2023"
"86","Origin 51 [Fifty One]","Apes in Space 14g - Value","Apes in Space","221011-022","38071","46 Wellness, LLC (Yield Scientific - Cultivation) - REC","Forever 46, LLC - 00000057DCHF00477864","12/5/2022",NA,"3/27/2023"
"87","Origin 51 [Fifty One]","Apes in Space 14g - Value","Apes in Space","221012-004","37974","46 Wellness, LLC (Yield Scientific - Cultivation) - REC","Forever 46, LLC - 00000057DCHF00477864","12/5/2022",NA,"3/26/2023"
"88","Origin 51 [Fifty One]","Cherry Gar-See-Ya 14g - Value","Cherry Gar-See-Ya","220922-004","30831","46 Wellness, LLC (Yield Scientific - Cultivation) - REC","Forever 46, LLC - 00000057DCHF00477864","11/1/2022",NA,"1/3/2023"
"89","Origin 51 [Fifty One]","Cherry Gar-See-Ya 14g - Value","Cherry Gar-See-Ya","220922-004","30842","46 Wellness, LLC (Yield Scientific - Cultivation) - REC","Forever 46, LLC - 00000057DCHF00477864","11/1/2022",NA,"1/3/2023"
"90","Origin 51 [Fifty One]","Cherry Gar-See-Ya 14g - Value","Cherry Gar-See-Ya","220922-004","30874","46 Wellness, LLC (Yield Scientific - Cultivation) - REC","Forever 46, LLC - 00000057DCHF00477864","11/1/2022",NA,"1/3/2023"
"91","Origin 51 [Fifty One]","Cherry Gar-See-Ya 14g - Value","Cherry Gar-See-Ya","221011-015","38070","46 Wellness, LLC (Yield Scientific - Cultivation) - REC","Forever 46, LLC - 00000057DCHF00477864","12/5/2022",NA,"3/27/2023"
"92","Origin 51 [Fifty One]","Cherry Gar-See-Ya 3.5g - Value","Cherry Gar-See-Ya","220922-004","33276","46 Wellness, LLC (Yield Scientific - Cultivation) - REC","Forever 46, LLC - 00000057DCHF00477864","11/1/2022",NA,"1/26/2023"
"93","Origin 51 [Fifty One]","Cherry Gar-See-Ya 3.5g - Value","Cherry Gar-See-Ya","220922-004","35333","46 Wellness, LLC (Yield Scientific - Cultivation) - REC","Forever 46, LLC - 00000057DCHF00477864","11/1/2022",NA,"2/23/2023"
"94","Origin 51 [Fifty One]","Cherry Gar-See-Ya 3.5g - Value","Cherry Gar-See-Ya","221010-019","35268","46 Wellness, LLC (Yield Scientific - Cultivation) - REC","Forever 46, LLC - 00000057DCHF00477864","11/23/2022",NA,"2/22/2023"
"95","Origin 51 [Fifty One]","Floss Sugar 14g - Value","Floss Sugar","221012-020","37965","46 Wellness, LLC (Yield Scientific - Cultivation) - REC","Forever 46, LLC - 00000057DCHF00477864","11/23/2022",NA,"3/26/2023"
"96","Origin 51 [Fifty One]","Floss Sugar 3.5g - Value","Floss Sugar","221010-024","33296","46 Wellness, LLC (Yield Scientific - Cultivation) - REC","Forever 46, LLC - 00000057DCHF00477864","11/23/2022",NA,"1/26/2023"
"97","Origin 51 [Fifty One]","Frosted Apricots 3.5g - Value","Frosted Apricots","221010-022","32777","46 Wellness, LLC (Yield Scientific - Cultivation) - REC","Forever 46, LLC - 00000057DCHF00477864","11/23/2022",NA,"1/24/2023"
"98","Origin 51 [Fifty One]","Frosted Apricots 3.5g - Value","Frosted Apricots","221014-007","42347","46 Wellness, LLC (Yield Scientific - Cultivation) - REC","Forever 46, LLC - 00000057DCHF00477864","1/17/2023",NA,"5/29/2023"
"99","Origin 51 [Fifty One]","Funky Charms 3.5g - Value","Funky Charms","221010-001","32577","46 Wellness, LLC (Yield Scientific - Cultivation) - REC","Forever 46, LLC - 00000057DCHF00477864","11/23/2022",NA,"1/20/2023"
"100","Origin 51 [Fifty One]","G-Code 14g - Value","G-Code","221011-019","38124","46 Wellness, LLC (Yield Scientific - Cultivation) - REC","Forever 46, LLC - 00000057DCHF00477864","12/5/2022",NA,"3/28/2023"
"101","Origin 51 [Fifty One]","G-Code 14g - Value","G-Code","221025-007","42290","46 Wellness, LLC (Yield Scientific - Cultivation) - REC","Forever 46, LLC - 00000057DCHF00477864","2/1/2023",NA,"5/29/2023"
"102","Origin 51 [Fifty One]","G-Code 3.5g - Value","G-Code","221010-023","34939","46 Wellness, LLC (Yield Scientific - Cultivation) - REC","Forever 46, LLC - 00000057DCHF00477864","11/23/2022",NA,"2/20/2023"
"103","Origin 51 [Fifty One]","G-Code 3.5g - Value","G-Code","221025-007","42284","46 Wellness, LLC (Yield Scientific - Cultivation) - REC","Forever 46, LLC - 00000057DCHF00477864","2/1/2023",NA,"5/29/2023"
"104","Origin 51 [Fifty One]","GMO Pie 3.5g - Value","GMO Pie","221010-016","32561","46 Wellness, LLC (Yield Scientific - Cultivation) - REC","Forever 46, LLC - 00000057DCHF00477864","11/23/2022",NA,"1/20/2023"
"105","Origin 51 [Fifty One]","GMO Pie 3.5g - Value","GMO Pie","221025-001","42348","46 Wellness, LLC (Yield Scientific - Cultivation) - REC","Forever 46, LLC - 00000057DCHF00477864","2/1/2023",NA,"5/29/2023"
"106","Origin 51 [Fifty One]","Grandpa Stash 14g - Value","Grandpa's Stash","221012-021","38000","46 Wellness, LLC (Yield Scientific - Cultivation) - REC","Forever 46, LLC - 00000057DCHF00477864","11/23/2022",NA,"3/26/2023"
"107","Origin 51 [Fifty One]","Grandpa Stash 3.5g - Value","Grandpa Stash","221010-021","32728","Forever 46, LLC - 00000057DCHF00477864","Forever 46, LLC - 00000057DCHF00477864","11/23/2022",NA,"1/24/2023"
"108","Origin 51 [Fifty One]","Klumps 14g - Value","Klumps","221011-008","38122","46 Wellness, LLC (Yield Scientific - Cultivation) - REC","Forever 46, LLC - 00000057DCHF00477864","12/5/2022",NA,"3/28/2023"
"109","Origin 51 [Fifty One]","Lucky Funk 14g - Value","Lucky Funk","221014-009","42493","46 Wellness, LLC (Yield Scientific - Cultivation) - REC","Forever 46, LLC - 00000057DCHF00477864","1/11/2023",NA,"6/1/2023"
"110","Origin 51 [Fifty One]","Lucky Funk 3.5g - Value","Lucky Funk","221014-009","42497","46 Wellness, LLC (Yield Scientific - Cultivation) - REC","Forever 46, LLC - 00000057DCHF00477864","1/11/2023",NA,"6/1/2023"
"111","Origin 51 [Fifty One]","Mint Mango 14g - Value","Mint Mango","221012-009","38131","46 Wellness, LLC (Yield Scientific - Cultivation) - REC","Forever 46, LLC - 00000057DCHF00477864","11/23/2022",NA,"3/28/2023"
"112","Origin 51 [Fifty One]","Mint Mango 3.5g - Value","Mint Mango","221011-001","42408","46 Wellness, LLC (Yield Scientific - Cultivation) - REC","Forever 46, LLC - 00000057DCHF00477864","12/5/2022",NA,"5/30/2023"
"113","Origin 51 [Fifty One]","Paki 3.5g - Value","Paki","221010-014","34899","46 Wellness, LLC (Yield Scientific - Cultivation) - REC","Forever 46, LLC - 00000057DCHF00477864","11/23/2022",NA,"2/20/2023"
"114","Origin 51 [Fifty One]","Pineapple Express 14g - Value","Pineapple Express","221025-004","42411","46 Wellness, LLC (Yield Scientific - Cultivation) - REC","Forever 46, LLC - 00000057DCHF00477864","2/1/2023",NA,"5/30/2023"
"115","Origin 51 [Fifty One]","Pineapple Express 3.5g - Value","Pineapple Express","221010-004","32557","46 Wellness, LLC (Yield Scientific - Cultivation) - REC","Forever 46, LLC - 00000057DCHF00477864","11/23/2022",NA,"1/20/2023"
"116","Origin 51 [Fifty One]","Pineapple Express 3.5g - Value","Pineapple Express","221010-004","35327","46 Wellness, LLC (Yield Scientific - Cultivation) - REC","Forever 46, LLC - 00000057DCHF00477864","11/23/2022",NA,"2/23/2023"
"117","Origin 51 [Fifty One]","Pineapple Express 3.5g - Value","Pineapple Express","221025-004","42508","46 Wellness, LLC (Yield Scientific - Cultivation) - REC","Forever 46, LLC - 00000057DCHF00477864","2/1/2023",NA,"6/1/2023"
"118","Origin 51 [Fifty One]","Wookies 14g - Value","Wookies","221011-003","37988","46 Wellness, LLC (Yield Scientific - Cultivation) - REC","Forever 46, LLC - 00000057DCHF00477864","12/5/2022",NA,"3/26/2023"
"119","Origin 51 [Fifty One]","Zweet Insanity 14g - Value","Zweet Insanity","221011-004","38058","46 Wellness, LLC (Yield Scientific - Cultivation) - REC","Forever 46, LLC - 00000057DCHF00477864","11/14/2022",NA,"3/27/2023"
"120","PRESSD","5123.BRB.LROD (Bruce Banner)","Bruce Banner","5123.BRB","55892","Life Changers Investments LLC (Cookies - Tempe) - REC","Forever 46, LLC - 00000057DCHF00477864",NA,NA,NA
"121","PRESSD","5123.G6.LROD (G6)","G6","5123.G6","55894","Life Changers Investments LLC (Cookies - Tempe) - REC","Forever 46, LLC - 00000057DCHF00477864",NA,NA,NA
"122","PRESSD","5123.GMOC.LROD (GMO Cookies)","GMO Cookies","5123.GMOC","55895","Life Changers Investments LLC (Cookies - Tempe) - REC","Forever 46, LLC - 00000057DCHF00477864",NA,NA,NA
"123","Roaring 20s","Roaring 20s 6 Pack Prerolls 3g - Gello (SAMPLE)","Gello","318-230309.0001-W10","41407","Forever 46, LLC - 00000057DCHF00477864","Forever 46, LLC - 00000057DCHF00477864","3/9/2023","https://lims.tagleaf.com/coas/7hQX8KFGkpLC8GwSnNvsy487q3aIT6Wxrdu9Fi0GZKNBlwLgIg",NA
"124","Roaring 20s","Roaring 20s REBALANCE 6 Pack Prerolls 3g - Monkey Nougat","Monkey Nougat","323s-220927.0001","35252","Forever 46, LLC - 00000057DCHF00477864","Forever 46, LLC - 00000057DCHF00477864","9/27/2022",NA,"2/22/2023"
"125","Roaring 20s","Roaring 20s REBALANCE 6 Pack Prerolls 3g - Monkey Nougat","Monkey Nougat","323s-221222.0001","40431","Forever 46, LLC - 00000057DCHF00477864","Forever 46, LLC - 00000057DCHF00477864","12/22/2022",NA,"4/26/2023"
"126","Roaring 20s","Roaring 20s REST 6 Pack Prerolls 3g - Dad's Frangoli","Dad's Frangoli","Dad's Frangoli-220927.0001","35318","Forever 46, LLC - 00000057DCHF00477864","Forever 46, LLC - 00000057DCHF00477864","9/27/2022",NA,"2/23/2023"
"127","Roaring 20s","Roaring 20s REST 6 Pack Prerolls 3g - Do-Si-Dos","Do-Si-Dos","2053319","31905","Forever 46, LLC - 00000057DCHF00477864","Forever 46, LLC - 00000057DCHF00477864","6/27/2022",NA,NA
"128","Roaring 20s","Roaring 20s REST 6 Pack Prerolls 3g - Do-Si-Dos","Do-Si-Dos","2053319","32411","Forever 46, LLC - 00000057DCHF00477864","Forever 46, LLC - 00000057DCHF00477864","6/27/2022",NA,"1/18/2023"
"129","Roaring 20s","Roaring 20s REST 6 Pack Prerolls 3g - Do-Si-Dos","Do-Si-Dos","221102-001","35188","Forever 46, LLC - 00000057DCHF00477864","Forever 46, LLC - 00000057DCHF00477864","10/18/2022",NA,NA
"130","Roaring 20s","Roaring 20s REST 6 Pack Prerolls 3g - Emergency","Emergency","Eme-221109.0001","36961","Forever 46, LLC - 00000057DCHF00477864","Forever 46, LLC - 00000057DCHF00477864","11/9/2022",NA,"3/15/2023"
"131","Roaring 20s","Roaring 20s REST 6 Pack Prerolls 3g - Fatso","Fatso","887","35966","Forever 46, LLC - 00000057DCHF00477864","Forever 46, LLC - 00000057DCHF00477864","10/18/2022",NA,"3/3/2023"
"132","Roaring 20s","Roaring 20s REST 6 Pack Prerolls 3g - Gary Satan","Gary Satan","325D-221122.0001","39173","Forever 46, LLC - 00000057DCHF00477864","Forever 46, LLC - 00000057DCHF00477864","11/22/2022",NA,"4/6/2023"
"133","Roaring 20s","Roaring 20s REST 6 Pack Prerolls 3g - Gastropop","Gastropop","324s-220913.0001","35269","Forever 46, LLC - 00000057DCHF00477864","Forever 46, LLC - 00000057DCHF00477864","9/13/2022",NA,"2/22/2023"
"134","Roaring 20s","Roaring 20s REST 6 Pack Prerolls 3g - Gello","Gello","Gell-230710.0001-W28","39454","Forever 46, LLC - 00000057DCHF00477864","Forever 46, LLC - 00000057DCHF00477864","7/10/2023","https://lims.tagleaf.com/coas/5Osdg93Fzd9xwyuargFy8i3zGE4qShEYp0Xp7aDFN6aZghk4cR",NA
"135","Roaring 20s","Roaring 20s REST 6 Pack Prerolls 3g - Kosher Kush","Kosher Kush","235-220927.0001","31947","Forever 46, LLC - 00000057DCHF00477864","Forever 46, LLC - 00000057DCHF00477864","9/27/2022",NA,"1/15/2023"
"136","Roaring 20s","Roaring 20s REST 6 Pack Prerolls 3g - Kosher Kush","Kosher Kush","235-220927.0001","36585","Forever 46, LLC - 00000057DCHF00477864","Forever 46, LLC - 00000057DCHF00477864","9/27/2022",NA,"3/9/2023"
"137","Roaring 20s","Roaring 20s REST 6 Pack Prerolls 3g - Sour Tini","Sour Tini","2386046","32495","Forever 46, LLC - 00000057DCHF00477864","Forever 46, LLC - 00000057DCHF00477864","8/23/2022",NA,NA
"138","Roaring 20s","Roaring 20s REST 6 Pack Prerolls 3g - Sour Tini","Sour Tini","2386046","35814","Forever 46, LLC - 00000057DCHF00477864","Forever 46, LLC - 00000057DCHF00477864","8/23/2022",NA,"3/2/2023"
"139","Roaring 20s","Roaring 20s REST 6 Pack Prerolls 3g - Strawberry Cooler","Strawberry Cooler","266-221026.0001","6.09891E+11","Forever 46, LLC - 00000057DCHF00477864","Forever 46, LLC - 00000057DCHF00477864","10/26/2022","https://lims.tagleaf.com/coas/7ZXVUl8BgstJQIByCGJD0sS7arez8BCRB1bESWkA6cf7KilPJI",NA
"140","Roaring 20s","Roaring 20s REST 6 Pack Prerolls 3g - White Truffle","White Truffle","317s-221222.0001","39461","Forever 46, LLC - 00000057DCHF00477864","Forever 46, LLC - 00000057DCHF00477864","12/22/2022",NA,"4/10/2023"
"141","Roaring 20s","Roaring 20s REST 6 Pack Prerolls 3g - Zack's Rhino","Zack's Rhino","291C-220913.0001","25265","Forever 46, LLC - 00000057DCHF00477864","Forever 46, LLC - 00000057DCHF00477864","9/13/2022",NA,NA
"142","Roaring 20s","Roaring 20s REST 6 Pack Prerolls 3g - Zack's Rhino","Zack's Rhino","291C-220913.0001","35265","Forever 46, LLC - 00000057DCHF00477864","Forever 46, LLC - 00000057DCHF00477864","9/13/2022",NA,"2/22/2023"
"143","Roaring 20s","Roaring 20s ROAR 6 Pack Prerolls 3g - Bubble Bath #22","Bubble Bath #22","(R) Bubble Bath #22 F3.4 11/16/2022","40659","Total Health & Wellness, Inc. DBA: Oasis Cannabis North Chandler - MED CULT","Forever 46, LLC - 00000057DCHF00477864","11/16/2022",NA,"5/1/2023"
"144","Roaring 20s","Roaring 20s ROAR 6 Pack Prerolls 3g - MTF","MTF","(R) MTF F3.4 11/15/2022","41293","Total Health & Wellness, Inc. DBA: Oasis Cannabis North Chandler - MED CULT","Forever 46, LLC - 00000057DCHF00477864","11/15/2022",NA,"5/11/2023"
"145","Roaring 20s","Roaring 20s ROAR 6 Pack Prerolls 3g - MTF","MTF","(R) MTF F3.4 11/15/2022","41334","Total Health & Wellness, Inc. DBA: Oasis Cannabis North Chandler - MED CULT","Forever 46, LLC - 00000057DCHF00477864","11/15/2022",NA,NA
"146","Roaring 20s","Roaring 20s ROAR 6 Pack Prerolls 3g - Orange Wafers","Orange Wafers","308A-221215.0001","39310","Forever 46, LLC - 00000057DCHF00477864","Forever 46, LLC - 00000057DCHF00477864","12/15/2022",NA,"4/10/2023"
"147","Tree Junkee","Apple Burger #1 3.5g","Apple Burger #1","230518-003","48062","Forever 46, LLC DBA: TME Farms LLC - REC","Forever 46, LLC - 00000057DCHF00477864","6/19/2023",NA,"8/31/2023"
"148","Tree Junkee","Banana Jelly 3.5g","Banana Jelly","230605-002","48063","Forever 46, LLC DBA: TME Farms LLC - REC","Forever 46, LLC - 00000057DCHF00477864","6/19/2023",NA,"6/19/2023"
"149","Tree Junkee","Fatso 3.5g","Fatso","230516-001","47942","Forever 46, LLC DBA: TME Farms LLC - REC","Forever 46, LLC - 00000057DCHF00477864","5/4/2023",NA,"8/30/2023"
"150","Tree Junkee","Hula Girl 3.5g","Hula Girl","230321-003","47941","Forever 46, LLC DBA: TME Farms LLC - REC","Forever 46, LLC - 00000057DCHF00477864","3/17/2023",NA,"8/30/2023"
"151","Tree Junkee","Modified Strawnana 3.5g","Modified Strawnana","230605-011","48064","Forever 46, LLC DBA: TME Farms LLC - REC","Forever 46, LLC - 00000057DCHF00477864","6/19/2023",NA,"8/31/2023"
"152","ZENZONA","zenzona Vegan Gummies Brazilian Grape 100mg RSO - Indica (SAMPLE)","Indica","221227-002-JA","34285","Forever 46, LLC - 00000057DCHF00477864","Forever 46, LLC - 00000057DCHF00477864","12/27/2022","https://lims.tagleaf.com/coas/35DMKjghEPe2mqMulMyhsNA1FhBvoIjT1VuClDl5t2geeAvj80",NA
"153","ZENZONA","zenzona Vegan Gummies Pineberry 100mg RSO - Indica","Indica","221101-002","42653","Forever 46, LLC - 00000057DCHF00477864","Forever 46, LLC - 00000057DCHF00477864","11/1/2022","https://lims.tagleaf.com/coas/dKmOeRPJW8qD8AhdJXrotfU0ECfkUsjzXWkFnxKfT1mlzbIBuu",NA
"154","ZENZONA","zenzona Vegan Gummies Watermelon 100mg - Indica","Hybrid Blend","221101-002","38710","Forever 46, LLC - 00000057DCHF00477864","Forever 46, LLC - 00000057DCHF00477864","11/1/2022","https://lims.tagleaf.com/coas/dKmOeRPJW8qD8AhdJXrotfU0ECfkUsjzXWkFnxKfT1mlzbIBuu",NA
"155","iLAVA","Atomic - Blue Dream Sample #1","Blue Dream","230104-005","31058","Forever 46, LLC - 00000057DCHF00477864","Forever 46, LLC - 00000057DCHF00477864",NA,NA,NA
"156","iLAVA","Atomic - Blue Dream Sample #2","Blue Dream","230104-006","31059","Forever 46, LLC - 00000057DCHF00477864","Forever 46, LLC - 00000057DCHF00477864",NA,NA,NA
"157","iLAVA","Atomic - Blue Dream Sample #3","Blue Dream","230104-007","31060","Forever 46, LLC - 00000057DCHF00477864","Forever 46, LLC - 00000057DCHF00477864",NA,NA,NA
"158","iLAVA","Atomic - Jokers Candy Sample #1","Jokers Candy","230104-002","31054","Forever 46, LLC - 00000057DCHF00477864","Forever 46, LLC - 00000057DCHF00477864",NA,NA,NA
"159","iLAVA","Atomic - Jokers Candy Sample #2","Jokers Candy","230104-003","31055","Forever 46, LLC - 00000057DCHF00477864","Forever 46, LLC - 00000057DCHF00477864",NA,NA,NA
"160","iLAVA","Atomic - Jokers Candy Sample #3","Jokers Candy","230104-004","31057","Forever 46, LLC - 00000057DCHF00477864","Forever 46, LLC - 00000057DCHF00477864",NA,NA,NA
"161","iLAVA","Atomic 500mg - Blue Dream (SAMPLE #1)","Blue Dream","230104-005","31089","Forever 46, LLC - 00000057DCHF00477864","Forever 46, LLC - 00000057DCHF00477864",NA,NA,"1/5/2023"
"162","iLAVA","Atomic 500mg - Blue Dream (SAMPLE #2)","Blue Dream","230104-006","31086","Forever 46, LLC - 00000057DCHF00477864","Forever 46, LLC - 00000057DCHF00477864",NA,NA,"1/4/2023"
"163","iLAVA","Atomic 500mg - Blue Dream (SAMPLE #3)","Blue Dream","230104-007","31087","Forever 46, LLC - 00000057DCHF00477864","Forever 46, LLC - 00000057DCHF00477864",NA,NA,"1/5/2023"
"164","iLAVA","Atomic 500mg - Jokers Candy (SAMPLE #1)","Jokers Candy","230104-002","31091","Forever 46, LLC - 00000057DCHF00477864","Forever 46, LLC - 00000057DCHF00477864",NA,NA,"1/5/2023"
"165","iLAVA","Atomic 500mg - Jokers Candy (SAMPLE #2)","Jokers Candy","230104-003","31092","Forever 46, LLC - 00000057DCHF00477864","Forever 46, LLC - 00000057DCHF00477864",NA,NA,"1/5/2023"
"166","iLAVA","Atomic 500mg - Jokers Candy (SAMPLE #3)","Jokers Candy","230104-004","31090","Forever 46, LLC - 00000057DCHF00477864","Forever 46, LLC - 00000057DCHF00477864",NA,NA,"1/5/2023"
"167","iLAVA","Ceramic Cart Molecular 500mg - Millionaire Gelato","Millionaire Gelato","221115-001","33622","Forever 46, LLC - 00000057DCHF00477864","Forever 46, LLC - 00000057DCHF00477864","10/25/2022",NA,"2/1/2023"
"168","iLAVA","ClearGold Cartridge 1000mg - Super Sour Diesel","Super Sour Diesel","221027-001CGSS","32576","Forever 46, LLC - 00000057DCHF00477864","Forever 46, LLC - 00000057DCHF00477864","10/27/2022",NA,"1/19/2023"
"169","iLAVA","ClearGold Cartridge 500mg - Super Sour Diesel","Super Sour Diesel","221027-001CGSS","32575","Forever 46, LLC - 00000057DCHF00477864","Forever 46, LLC - 00000057DCHF00477864","10/27/2022",NA,"1/19/2023"
"170","iLAVA","Disposables Owa Molecular 500mg - Millionaire Gelato","Millionaire Gelato","221115-001","33617","Forever 46, LLC - 00000057DCHF00477864","Forever 46, LLC - 00000057DCHF00477864","10/25/2022",NA,"2/1/2023"
"171","iLAVA","Disposables Poche 3.5v Molecular 500mg - Millionaire Gelato","Millionaire Gelato","221115-001","33613","Forever 46, LLC - 00000057DCHF00477864","Forever 46, LLC - 00000057DCHF00477864","10/25/2022",NA,"2/1/2023"
"172","iLAVA","Disposables Poche 6W Molecular 500mg - Millionaire Gelato","Millionaire Gelato","221115-001","33616","Forever 46, LLC - 00000057DCHF00477864","Forever 46, LLC - 00000057DCHF00477864","10/25/2022",NA,"2/1/2023"
"173","iLAVA","Elemental Bulk Mixture - Emergency","Emergency","230315-011","37027","Forever 46, LLC - 00000057DCHF00477864","Forever 46, LLC - 00000057DCHF00477864","6/7/2022","https://tinyurl.com/2p9ysdzy",NA
"174","iLAVA","Elemental Bulk Mixture - Kings Juice","Kings Juice","230315-012","37029","Forever 46, LLC - 00000057DCHF00477864","Forever 46, LLC - 00000057DCHF00477864","5/11/2022","https://tinyurl.com/yu2b38mc",NA
"175","iLAVA","Elemental Bulk Mixture - Orange Cookies","Orange Cookies","230315-010","37025","Forever 46, LLC - 00000057DCHF00477864","Forever 46, LLC - 00000057DCHF00477864","3/15/2023","https://lims.tagleaf.com/coas/nNf2NnIPW4fZkI6nUuOfS4SCdBgqE0uWhrzEEgDoLG3seCHo9X",NA
"176","iLAVA","Elemental Dablicator 1000mg - Blue Dream X","Blue Dream X","221123-006","32386","Forever 46, LLC - 00000057DCHF00477864","Forever 46, LLC - 00000057DCHF00477864","11/23/2022",NA,"1/18/2023"
"177","iLAVA","Entourage Day Gummies 100mg - Blood Orange","Hybrid Blend","230104-001","48609","Forever 46, LLC - 00000057DCHF00477864","Forever 46, LLC - 00000057DCHF00477864","10/3/2022",NA,NA
"178","iLAVA","Entourage Day Gummies 100mg - Blood Orange","Hybrid Blend","230511-001","48609","Forever 46, LLC - 00000057DCHF00477864","Forever 46, LLC - 00000057DCHF00477864","10/3/2022","https://lims.tagleaf.com/coas/NqlC5NIiJnaeD0jvLlZDHxpcUoZGYdbdajVem0doOM8kqDTSom",NA
"179","iLAVA","Entourage Twilight Gummies 100mg - Blackberry","Hybrid Blend","230104-001-TBLA","46866","Forever 46, LLC - 00000057DCHF00477864","Forever 46, LLC - 00000057DCHF00477864",NA,NA,NA
"180","iLAVA","Lumen Sugar Wax 1g - Millionaire Gelato","Millionaire Gelato","230523-003","42745","Forever 46, LLC - 00000057DCHF00477864","Forever 46, LLC - 00000057DCHF00477864","4/19/2023","https://lims.tagleaf.com/coas/IM1VDvs9CRUlA5IR8V76O8ntzP7hV873ujmzelDrytU812vmWF",NA
"181","iLAVA","Medica RSO Dablicator 1000mg - T-1000","T-1000","220802-001","117181","Forever 46, LLC - 00000057DCHF00477864","Forever 46, LLC - 00000057DCHF00477864",NA,"https://share.confidentcannabis.com/samples/public/share/4dfc38b3-9411-49a0-bbd0-9c55dcd607f7","11/7/2023"
"182","iLAVA","iLAVA ClearGold 500mg  - Orange Cookies (Sample)","Orange Cookies","230111-004OCA","31748","Forever 46, LLC - 00000057DCHF00477864","Forever 46, LLC - 00000057DCHF00477864","1/11/2023",NA,"1/12/2023"
"183","iLAVA","iLAVA ClearGold 500mg  - Orange Cookies (Sample)","Orange Cookies","230111-004OCA","31756","Forever 46, LLC - 00000057DCHF00477864","Forever 46, LLC - 00000057DCHF00477864","1/11/2023",NA,NA
"184","iLAVA","iLAVA ClearGold 500mg  - Orange Cookies (Sample)","Orange Cookies","230111-005OCB","31750","Forever 46, LLC - 00000057DCHF00477864","Forever 46, LLC - 00000057DCHF00477864","1/11/2023",NA,"1/12/2023"
"185","iLAVA","iLAVA ClearGold 500mg  - Orange Cookies (Sample)","Orange Cookies","230111-005OCB","31757","Forever 46, LLC - 00000057DCHF00477864","Forever 46, LLC - 00000057DCHF00477864","1/11/2023",NA,NA
"186","iLAVA","iLAVA ClearGold 500mg  - Orange Cookies (Sample)","Orange Cookies","230111-006OCC","31752","Forever 46, LLC - 00000057DCHF00477864","Forever 46, LLC - 00000057DCHF00477864","1/11/2023",NA,"1/12/2023"
"187","iLAVA","iLAVA ClearGold 500mg  - Orange Cookies (Sample)","Orange Cookies","230111-006OCC","31758","Forever 46, LLC - 00000057DCHF00477864","Forever 46, LLC - 00000057DCHF00477864","1/11/2023",NA,NA
"188","iLAVA","iLAVA ClearGold 500mg - Tropical Zkittlez (Sample)","Tropical Zkittlez","230111-001TZA","31745","Forever 46, LLC - 00000057DCHF00477864","Forever 46, LLC - 00000057DCHF00477864","1/11/2023",NA,"1/12/2023"
"189","iLAVA","iLAVA ClearGold 500mg - Tropical Zkittlez (Sample)","Tropical Zkittlez","230111-001TZA","31753","Forever 46, LLC - 00000057DCHF00477864","Forever 46, LLC - 00000057DCHF00477864","1/11/2023",NA,NA
"190","iLAVA","iLAVA ClearGold 500mg - Tropical Zkittlez (Sample)","Tropical Zkittlez","230111-002TZB","31746","Forever 46, LLC - 00000057DCHF00477864","Forever 46, LLC - 00000057DCHF00477864","1/11/2023",NA,"1/12/2023"
"191","iLAVA","iLAVA ClearGold 500mg - Tropical Zkittlez (Sample)","Tropical Zkittlez","230111-002TZB","31754","Forever 46, LLC - 00000057DCHF00477864","Forever 46, LLC - 00000057DCHF00477864","1/11/2023",NA,NA
"192","iLAVA","iLAVA ClearGold 500mg - Tropical Zkittlez (Sample)","Tropical Zkittlez","230111-003TZC","31747","Forever 46, LLC - 00000057DCHF00477864","Forever 46, LLC - 00000057DCHF00477864","1/11/2023",NA,"1/12/2023"
"193","iLAVA","iLAVA ClearGold 500mg - Tropical Zkittlez (Sample)","Tropical Zkittlez","230111-003TZC","31755","Forever 46, LLC - 00000057DCHF00477864","Forever 46, LLC - 00000057DCHF00477864","1/11/2023",NA,NA
"194","iLAVA","iLAVA Disposable 1000mg - Acapulco Gold (SAMPLE)","Acapulco Gold","230314-008.G","43559","Forever 46, LLC - 00000057DCHF00477864","Forever 46, LLC - 00000057DCHF00477864","10/21/2022",NA,"6/20/2023"
"195","iLAVA","iLAVA Disposable 1000mg - Blue Dream (SAMPLE)","Blue Dream","230314-008.H","43561","Forever 46, LLC - 00000057DCHF00477864","Forever 46, LLC - 00000057DCHF00477864","10/21/2022",NA,"6/20/2023"
"196","iLAVA","iLAVA Disposable 1000mg - GDP (SAMPLE)","Granddaddy Purple","230208-001CGGP.A","43311","Forever 46, LLC - 00000057DCHF00477864","Forever 46, LLC - 00000057DCHF00477864","10/3/2022",NA,NA
"197","iLAVA","iLAVA Disposable 1000mg - GDP (SAMPLE)","Granddaddy Purple","230208-001CGGP.B","43313","Forever 46, LLC - 00000057DCHF00477864","Forever 46, LLC - 00000057DCHF00477864","10/3/2022",NA,NA
"198","iLAVA","iLAVA Disposable 1000mg - GDP (SAMPLE)","Granddaddy Purple","230208-001CGGP.C","43314","Forever 46, LLC - 00000057DCHF00477864","Forever 46, LLC - 00000057DCHF00477864","10/3/2022",NA,NA
"199","iLAVA","iLAVA Disposable 1000mg - GDP (SAMPLE)","Granddaddy Purple","230208-001CGGP.D","43315","Forever 46, LLC - 00000057DCHF00477864","Forever 46, LLC - 00000057DCHF00477864","10/3/2022",NA,NA
"200","iLAVA","iLAVA Disposable 1000mg - GDP (SAMPLE)","Granddaddy Purple","230208-001CGGP.E","43316","Forever 46, LLC - 00000057DCHF00477864","Forever 46, LLC - 00000057DCHF00477864","10/3/2022",NA,NA
"201","iLAVA","iLAVA Disposable 1000mg - GDP (SAMPLE)","Granddaddy Purple","230208-001CGGP.F","43317","Forever 46, LLC - 00000057DCHF00477864","Forever 46, LLC - 00000057DCHF00477864","10/3/2022",NA,NA
"202","iLAVA","iLAVA Disposable 1000mg - Northern Lights (SAMPLE)","Northern Lights","230314-008.I","43562","Forever 46, LLC - 00000057DCHF00477864","Forever 46, LLC - 00000057DCHF00477864","10/21/2022",NA,"6/20/2023"
"203","iLAVA","iLAVA Entourage Touch Bamboo 3.75oz. - Hybrid","Hybrid Blend","230316-001","37102","Forever 46, LLC - 00000057DCHF00477864","Forever 46, LLC - 00000057DCHF00477864","4/25/2022","https://lims.tagleaf.com/coas/h57Ptvgn2ZFKy8ii2z8rGduO8H0bRtWHDE9Tb3GcdgBtzzuLuM",NA
"204","iLAVA","iLAVA Entourage Touch Bamboo 3.75oz. - Hybrid","Hybrid Blend","230607-002","44361","Forever 46, LLC - 00000057DCHF00477864","Forever 46, LLC - 00000057DCHF00477864","10/21/2022",NA,NA
"205","iLAVA","iLAVA Entourage Touch Bamboo 3.75oz. - Hybrid","Hybrid Blend","230621-001","44360","Forever 46, LLC - 00000057DCHF00477864","Forever 46, LLC - 00000057DCHF00477864","4/19/2023","https://lims.tagleaf.com/coas/uhTjYgLUX1VmcC20hKMvgmAD5AqC9ig9fydJhhhyWb7DoHNBgH",NA
"206","iLAVA","iLAVA Lumen Crumble - Tangistan Kush","Tangistan Kush","230517-004","41612","Forever 46, LLC - 00000057DCHF00477864","Forever 46, LLC - 00000057DCHF00477864","4/19/2023","https://lims.tagleaf.com/coas/yYh4YsL1HVVAFDgFy4ccxKkgjoWOsyoPFRwEiV5VhPNoDuwnvt",NA
"207","iLAVA","iLAVA Touch 2.85oz. (250mg CBD/300mg THC) - Hybrid","Hybrid Blend","240110-001","54637","Forever 46, LLC - 00000057DCHF00477864","Forever 46, LLC - 00000057DCHF00477864","7/25/2023","https://orders.confidentcannabis.com/report/public/pdf/564f8e66-6057-4771-907d-8b8da4316e17",NA
"208","iLAVA","iLAVA Touch Airless Pump 1.7oz (180mg THC/150mg CBD) - Hybrid","Hybrid Blend","230621-001A","45677","Forever 46, LLC - 00000057DCHF00477864","Forever 46, LLC - 00000057DCHF00477864","10/21/2022",NA,NA
"209","iLAVA","iLAVA Touch Airless Pump 1.7oz (180mg THC/150mg CBD) - Hybrid","Hybrid Blend","240110-001A","54631","Forever 46, LLC - 00000057DCHF00477864","Forever 46, LLC - 00000057DCHF00477864","7/25/2023","https://orders.confidentcannabis.com/report/public/pdf/6023f1b3-d7cb-4c98-8dff-e1b655726c8d",NA
"210","iLAVA","iLAVA Touch Bamboo 3.75oz. (380mg THC/320mg CBD) - Hybrid","Hybrid Blend","230607-002","44364","Forever 46, LLC - 00000057DCHF00477864","Forever 46, LLC - 00000057DCHF00477864","10/21/2022",NA,NA
"211","iLAVA","iLAVA Touch Bamboo 3.75oz. (380mg THC/320mg CBD) - Hybrid","Hybrid Blend","230621-001B","44363","Forever 46, LLC - 00000057DCHF00477864","Forever 46, LLC - 00000057DCHF00477864",NA,"https://tinyurl.com/4pr5hcua",NA
"212","iLAVA","iLAVA Touch Bamboo 3.75oz. (380mg THC/320mg CBD) - Hybrid","Hybrid Blend","240110-001B","54633","Forever 46, LLC - 00000057DCHF00477864","Forever 46, LLC - 00000057DCHF00477864","7/25/2023","https://orders.confidentcannabis.com/report/public/pdf/5fe61f36-b07f-4ac1-9370-6021d1c45ada",NA
